index,num_points,reprojection_rms_px
0,12,0.104098
1,20,0.127702
2,16,0.091476
3,20,0.128547
4,16,0.117507
5,20,0.108008
6,18,0.127510
7,12,0.085345
8,16,0.106426
9,20,0.130341
10,12,0.128083
11,17,0.141208
12,16,0.107864
13,20,0.097852
14,18,0.145292
15,14,0.102540
16,18,0.116635
17,15,0.155618
18,18,0.112519
19,17,0.079440
20,12,0.089353
21,20,0.120858
22,15,0.074445
23,20,0.122407
24,16,0.098088
25,20,0.145643
26,16,0.126158
27,14,0.114070
28,12,0.088375
29,11,0.143925
30,16,0.088666
31,20,0.104952
32,13,0.102002
33,15,0.121221
34,16,0.100758
35,13,0.099746
36,17,0.118605
37,15,0.088238
38,18,0.118234
39,18,0.071126
